-294,-415,-436
-294,-415,-436
-304,-412,-421
-312,-412,-410
-334,-401,-390
-344,-391,-381
-344,-397,-379
-334,-402,-386
-329,-409,-388
-336,-405,-383
-338,-400,-378
-348,-397,-368
-341,-425,-353
-333,-443,-346
-336,-450,-331
-366,-433,-276
-372,-451,-157
-358,-461,-79
-270,-453,81
-106,-415,201
-25,-398,227
45,-355,246
-58,-314,245
-162,-305,218
-340,-376,62
-329,-527,-170
-91,-644,-346
63,-651,-393
299,-573,-434
370,-512,-450
363,-516,-454
339,-531,-453
376,-509,-444
441,-450,-432
463,-414,-436
488,-356,-442
464,-342,-472
441,-338,-498
396,-297,-551
396,-241,-577
469,-191,-540
497,-146,-529
470,-23,-544
284,88,-606
134,106,-626
-147,58,-588
-274,31,-506
-293,62,-466
-263,147,-401
-227,206,-353
-192,233,-333
-189,238,-333
-190,229,-350
-207,201,-384
-231,187,-379
-296,146,-342
-350,120,-241
-362,104,-103
-333,110,-37
-236,121,81
-118,134,141
-74,137,152
-32,142,160
-38,138,162
-51,129,168
-73,106,176
-69,98,182
-53,118,178
-33,115,181
1,102,196
26,96,200
38,100,200
42,102,199
40,123,188
42,125,188
75,124,192
120,111,197
153,103,201
172,107,198
235,106,187
336,88,158
377,86,136
405,95,121
402,105,121
419,89,127
442,79,117
535,33,58
629,-28,-47
648,-11,-108
636,71,-237
569,180,-302
545,215,-303
545,228,-253
607,153,-198
673,28,-220
680,2,-274
651,11,-380
604,130,-353
586,186,-275
544,206,-84
538,108,37
560,19,55
575,-170,56
513,-328,58
365,-420,104
295,-433,122
207,-470,130
166,-534,109
174,-572,82
231,-655,-34
340,-652,-117
423,-620,-168
453,-600,-199
435,-609,-304
449,-576,-376
447,-569,-406
483,-566,-384
512,-561,-340
535,-526,-299
531,-532,-321
432,-613,-338
288,-707,-269
230,-726,-244
200,-729,-226
229,-718,-210
203,-720,-184
74,-707,-51
-131,-611,54
-249,-435,137
-301,-324,148
-311,-139,164
-192,84,165
-109,158,152
97,274,72
213,330,-50
272,347,-161
267,352,-212
219,353,-287
147,344,-326
98,337,-339
-3,299,-364
-88,241,-398
-105,208,-422
-100,123,-498
-37,-9,-587
85,-146,-631
140,-193,-631
224,-256,-620
260,-263,-617
277,-276,-613
311,-306,-602
331,-306,-603
323,-303,-613
305,-309,-622
265,-332,-630
236,-387,-615
231,-433,-591
197,-519,-539
136,-607,-459
56,-665,-359
27,-682,-313
24,-703,-188
82,-696,-97
132,-674,-43
225,-626,4
232,-550,100
238,-526,125
261,-527,116
281,-515,121
238,-504,151
199,-486,174
97,-428,223
20,-321,255
-8,-277,260
-72,-204,250
-197,-136,199
-317,-98,105
-357,-91,52
-403,-78,-43
-422,-81,-148
-422,-77,-198
-408,-97,-305
-363,-192,-414
-327,-247,-457
-215,-371,-526
-61,-423,-580
75,-426,-605
115,-420,-612
132,-421,-609
123,-441,-601
119,-445,-599
134,-457,-595
170,-459,-594
190,-452,-600
197,-452,-602
214,-463,-592
250,-480,-574
285,-486,-560
367,-435,-555
467,-344,-528
504,-308,-507
551,-259,-472
575,-199,-441
602,-170,-402
610,-137,-383
615,-67,-331
622,-37,-282
619,-19,-269
622,-15,-239
620,-33,-151
557,64,-67
550,23,-17
484,31,64
364,29,156
330,26,177
189,12,231
95,6,246
44,2,249
-45,-2,242
-106,-45,245
-136,-75,245
-134,-67,242
-89,-34,246
-1,19,245
46,49,237
157,146,179
223,237,90
246,268,40
232,327,-44
225,350,-93
164,371,-106
137,375,-96
59,371,-60
2,364,-33
-26,357,-27
-55,356,-29
-44,368,-56
-46,371,-72
-60,372,-90
-100,359,-104
-99,354,-117
-74,352,-108
-53,334,-55
-51,289,28
-41,261,67
-79,168,149
-50,110,198
64,91,216
143,94,203
235,103,170
379,108,80
426,93,48
507,67,-52
568,-9,-141
588,-95,-193
598,-158,-330
524,-241,-483
409,-308,-582
318,-341,-623
170,-376,-653
85,-312,-675
27,-294,-678
-19,-240,-679
-38,-257,-673
48,-334,-670
77,-306,-676
83,-301,-677
37,-284,-675
10,-283,-675
-53,-580,-511
-102,-636,-437
-165,-576,-400
-294,-533,-396
-272,-540,-419
-181,-606,-418
-186,-595,-429
-263,-556,-397
-418,-304,-383
-443,-209,-361
-471,-99,-270
-400,101,-86
-296,145,59
-217,155,119
-29,146,204
212,106,213
293,81,197
477,-9,127
559,-71,74
609,-184,32
624,-196,10
641,-210,-12
628,-116,2
580,10,22
431,193,45
279,263,71
211,284,71
5,282,92
-188,225,67
-363,103,10
-417,43,-31
-481,-57,-183
-425,-381,-331
-384,-469,-318
-313,-503,-404
-145,-575,-479
-11,-570,-538
39,-553,-560
93,-553,-568
283,-516,-564
330,-475,-570
449,-386,-542
582,-296,-422
631,-268,-319
622,-207,-51
490,-197,143
404,-216,203
333,-218,239
144,-184,295
85,-170,296
38,-173,297
-60,-57,271
-125,0,243
-128,-43,257
-116,-52,262
-88,-70,272
-42,-98,282
0,-128,289
91,-163,290
256,-199,256
318,-240,229
389,-341,170
433,-475,64
429,-568,-34
423,-600,-82
345,-671,-200
249,-708,-253
186,-724,-270
31,-720,-322
-72,-701,-328
-245,-650,-172
-261,-638,-167
-325,-578,-185
-461,-378,-161
-495,-232,-161
-495,-131,-119
-463,-148,16
-423,-166,141
-332,-180,187
-209,-157,262
-50,-170,313
39,-166,323
164,-153,316
272,-165,291
298,-180,284
303,-257,278
333,-363,240
366,-504,145
386,-546,90
423,-607,-51
427,-631,-153
447,-616,-172
475,-599,-183
475,-602,-190
467,-612,-180
434,-619,-208
435,-594,-279
488,-503,-340
510,-456,-356
555,-386,-339
604,-336,-256
614,-315,-238
635,-219,-167
634,-175,-96
612,-164,-6
608,-150,7
608,-134,11
605,-78,10
597,-21,-5
570,109,-78
547,155,-103
538,173,-115
536,168,-86
545,158,-92
489,233,-102
474,249,-109
451,279,-143
424,302,-157
437,296,-183
487,255,-209
484,256,-292
571,155,-341
564,129,-408
567,101,-449
542,130,-469
466,242,-426
300,353,-337
126,381,-303
30,372,-304
-30,353,-321
88,380,-285
417,273,-293
523,163,-326
581,49,-366
580,49,-373
578,71,-353
569,105,-292
588,77,-261
624,-26,-256
635,-80,-262
625,-142,-311
598,-171,-365
583,-149,-383
558,-126,-400
552,-121,-399
563,-145,-382
581,-219,-336
587,-292,-267
599,-279,-195
607,-250,-181
611,-134,-141
612,-94,-172
612,-121,-199
607,-195,-209
584,-308,-197
586,-279,-173
590,-268,-173
596,-255,-155
607,-189,-127
608,-147,-120
589,-70,-75
561,-16,-54
561,-29,-50
549,-44,-29
533,-39,-14
527,-31,-3
518,10,-15
559,18,-102
603,-45,-209
603,-57,-283
559,-152,-435
523,-163,-481
513,-166,-488
506,-170,-489
496,-178,-495
448,-184,-535
424,-209,-552
360,-225,-589
305,-206,-615
282,-191,-625
237,-173,-639
179,-181,-650
134,-169,-650
111,-162,-653
65,-151,-654
23,-166,-648
-12,-173,-644
-83,-151,-626
-158,-182,-604
-170,-184,-599
-197,-198,-583
-241,-249,-556
-277,-298,-522
-321,-330,-470
-416,-325,-322
-457,-278,-174
-450,-281,-111
-386,-351,15
-244,-402,144
-48,-418,221
55,-418,228
201,-364,235
282,-338,218
286,-310,221
260,-285,240
215,-260,261
211,-256,263
227,-247,262
230,-238,265
237,-232,264
235,-228,264
253,-221,259
253,-211,263
261,-288,253
486,-275,119
558,-206,47
640,-92,-218
628,-95,-328
508,-138,-542
295,-139,-668
190,-169,-693
137,-190,-699
291,-336,-649
396,-358,-590
599,-371,-326
565,-378,-34
371,-240,204
249,-136,255
38,-67,271
-79,-7,241
-138,10,219
-297,-33,149
-397,-101,71
-440,-112,4
-447,-80,-27
-439,-38,-39
-409,9,-15
-393,24,5
-343,54,53
-281,68,112
-250,62,143
-161,76,188
-43,105,213
93,346,-67
117,249,-488
217,35,-619
363,-40,-599
406,-31,-574
388,-28,-587
323,-54,-627
310,-108,-635
323,-141,-627
304,-173,-630
173,-166,-660
105,-164,-668
19,-150,-669
-20,-182,-664
-41,-200,-661
-96,-232,-646
-145,-247,-630
-161,-284,-616
-195,-310,-595
-281,-368,-515
-359,-376,-426
-404,-351,-371
-436,-264,-337
-447,-126,-307
-431,-53,-302
-417,7,-284
-415,19,-273
-415,12,-291
-426,-32,-307
-437,-119,-318
-441,-210,-324
-435,-227,-333
-419,-219,-368
-404,-165,-397
-406,-89,-383
-400,-30,-370
-383,72,-309
-346,156,-242
-337,178,-178
-356,144,-98
-384,85,-39
-440,-20,-55
-450,-47,-68
-467,-103,-84
-481,-143,-149
-481,-142,-184
-466,-142,-295
-396,-63,-417
-369,-51,-449
-276,-48,-531
-160,-58,-599
25,-177,-660
94,-244,-665
122,-355,-642
122,-495,-590
128,-547,-558
100,-605,-514
44,-645,-478
37,-679,-429
58,-702,-398
64,-705,-391
15,-696,-390
-12,-684,-404
-52,-668,-404
-113,-649,-392
-138,-641,-381
-250,-615,-293
-345,-542,-242
-426,-430,-220
-447,-384,-218
-480,-260,-218
-474,-206,-278
-450,-197,-351
-383,-205,-468
-243,-202,-589
-121,-237,-642
-49,-254,-665
120,-281,-675
201,-288,-665
269,-264,-651
425,-207,-579
486,-144,-527
533,-125,-467
575,-58,-364
564,-11,-347
572,23,-231
578,-13,-133
557,-79,-18
475,-149,105
412,-165,162
346,-126,204
290,-132,233
226,-193,257
160,-205,272
84,-258,275
68,-249,274
16,-245,275
-8,-215,276
-174,-189,237
-251,-216,201
-321,-285,141
-328,-367,104
-307,-348,136
-247,-348,178
-145,-336,229
-68,-310,261
-22,-292,274
72,-236,291
228,-158,270
307,-64,238
371,-34,198
448,18,123
447,78,87
437,114,69
403,134,88
333,181,100
333,175,106
319,180,110
305,203,99
270,236,77
271,265,32
308,301,-116
344,284,-221
385,236,-316
363,-15,-563
236,10,-610
102,-58,-649
125,-94,-655
92,-63,-646
-136,-10,-587
-214,-3,-546
-305,51,-447
-358,94,-340
-376,94,-295
-371,135,-193
-295,206,-115
-173,262,-24
-99,291,-27
43,316,-31
133,325,-72
168,329,-99
190,332,-222
111,323,-321
110,273,-420
56,232,-473
63,181,-516
16,112,-559
-11,54,-584
-57,9,-595
-107,-27,-593
-134,-35,-589
-161,-43,-590
-228,-79,-572
-320,-34,-496
-369,-9,-423
-433,22,-245
-399,79,-112
-364,115,-62
-273,201,-58
-150,281,-84
-107,314,-178
-65,325,-214
-2,327,-297
26,313,-350
35,311,-360
15,323,-342
-48,323,-330
-98,315,-326
-207,267,-334
-308,193,-329
-414,73,-290
-449,-4,-270
-486,-212,-177
-443,-347,-100
-407,-392,-43
-354,-473,-46
-280,-495,34
-124,-497,152
-54,-492,180
107,-458,216
263,-440,193
327,-441,168
441,-437,92
524,-428,-4
549,-427,-91
568,-450,-143
539,-507,-219
464,-580,-287
423,-607,-308
379,-629,-330
361,-639,-328
365,-639,-306
333,-671,-205
264,-677,-82
255,-636,7
244,-616,43
202,-557,120
159,-473,189
108,-429,216
46,-347,246
-136,-344,215
-235,-355,169
-281,-344,139
-383,-357,20
-411,-395,-64
-418,-418,-137
-340,-526,-257
-275,-590,-266
-185,-643,-306
-69,-628,-434
9,-599,-496
73,-569,-536
205,-514,-562
338,-476,-539
462,-455,-450
508,-437,-401
597,-343,-246
595,-229,-81
534,-155,36
463,-130,114
325,-117,203
177,-124,250
84,-140,263
-36,-166,258
-140,-223,235
-176,-258,217
-223,-346,173
-277,-431,86
-302,-527,-68
-293,-557,-149
-238,-565,-330
-153,-561,-425
-108,-575,-442
-1,-557,-504
111,-556,-521
226,-504,-549
274,-486,-550
374,-492,-503
404,-534,-453
412,-573,-392
422,-621,-274
425,-622,-120
425,-592,-30
406,-447,148
338,-172,255
258,-70,275
225,-61,283
179,-36,289
137,-19,292
128,-11,290
149,42,274
298,59,221
471,43,101
553,-20,17
625,-158,-122
603,-315,-257
585,-335,-303
581,-240,-372
575,-95,-403
567,-17,-394
521,116,-374
428,246,-356
246,338,-380
186,350,-388
152,341,-418
258,256,-494
397,147,-511
579,-167,-441
603,-310,-338
533,-499,-215
499,-534,-155
484,-537,-94
608,-309,-91
629,-268,-157
555,-414,-62
435,-506,11
459,-494,-22
493,-445,-10
558,-286,10
589,-113,-28
591,-63,-55
592,-75,-67
570,-226,-13
544,-279,13
467,-397,61
443,-507,-10
452,-559,-122
427,-591,-196
388,-609,-301
332,-634,-329
292,-653,-331
248,-671,-293
45,-692,-309
-76,-651,-347
-86,-631,-377
-121,-548,-464
-148,-390,-557
-154,-315,-583
-88,-147,-629
7,-33,-643
55,13,-639
142,91,-618
131,121,-612
45,172,-580
-21,180,-562
-139,214,-484
-253,253,-306
-260,263,-211
-213,265,-50
-84,191,138
85,94,232
166,52,244
290,10,235
337,-7,219
313,1,227
252,-2,246
185,59,243
146,70,247
163,-44,279
86,-152,296
-101,-133,274
-195,-139,241
-333,-196,160
-344,-210,147
-361,-242,126
-386,-425,12
-269,-592,-14
-206,-668,-87
-148,-703,-125
-54,-730,-272
-7,-667,-446
28,-635,-497
165,-598,-536
234,-604,-517
248,-638,-495
293,-653,-433
303,-686,-370
333,-714,-242
346,-712,-169
327,-698,-39
252,-676,56
199,-661,93
20,-658,99
-84,-658,58
-122,-681,-17
-201,-661,-75
-369,-534,-165
-462,-363,-233
-449,-322,-348
-350,-304,-511
-229,-244,-619
-33,-92,-688
21,-82,-697
181,-37,-685
330,-5,-634
417,8,-579
587,-86,-429
614,-96,-365
640,-141,-140
579,-157,17
546,-83,43
502,-53,80
494,-28,74
404,-81,167
354,-58,190
291,-63,219
226,-77,245
141,-82,264
136,-48,261
166,-69,258
333,-122,212
518,-123,66
563,-160,15
625,-221,-169
558,-165,-450
466,-53,-534
336,95,-557
301,201,-496
242,212,-509
206,179,-548
219,29,-625
348,-158,-619
354,-299,-603
315,-324,-618
202,-248,-669
432,-318,-553
485,-232,-533
365,-137,-618
166,-78,-671
130,18,-650
-123,74,-588
-272,134,-451
-283,166,-402
-189,210,-423
-23,244,-461
94,225,-496
160,160,-550
301,1,-600
403,-148,-587
425,-217,-578
444,-294,-559
401,-442,-532
342,-526,-508
307,-556,-497
234,-579,-503
150,-536,-555
129,-488,-588
94,-388,-636
85,-298,-666
68,-307,-668
91,-281,-683
166,-172,-691
189,-171,-692
183,-168,-692
353,48,-596
484,106,-467
515,115,-422
557,130,-312
525,176,-296
497,216,-265
558,142,-203
594,34,-312
644,-89,-220
630,-314,-121
551,-502,-206
530,-517,-220
531,-517,-221
587,-424,-227
612,-363,-224
637,-284,-178
637,-263,-135
637,-247,-114
639,-249,-109
638,-259,-119
618,-359,-149
566,-461,-225
440,-583,-296
387,-618,-292
271,-681,-229
141,-698,-91
122,-687,-46
106,-653,30
111,-628,71
109,-638,69
117,-670,8
150,-708,-94
259,-680,-350
368,-588,-430
438,-384,-551
510,-196,-530
524,-174,-514
597,-139,-409
650,-153,-251
637,-190,-59
588,-214,39
491,-380,96
301,-509,143
163,-511,186
85,-444,226
17,-389,246
28,-351,264
75,-329,265
164,-283,267
283,-180,247
314,-107,234
330,59,186
253,222,122
207,263,100
65,313,72
-83,299,63
-223,234,68
-239,211,82
-249,188,99
-243,161,131
-231,183,121
-237,206,92
-127,243,115
2,205,167
32,168,186
-27,63,223
-159,-3,206
-225,-14,174
-316,-21,109
-354,-43,76
-367,-49,62
-386,-88,52
-397,-218,49
-304,-370,115
-208,-414,162
-109,-422,208
-29,-362,256
21,-345,269
179,-319,267
324,-290,227
443,-223,167
516,-146,94
551,7,-11
555,98,-185
528,139,-227
449,194,-345
414,157,-448
342,75,-557
196,-184,-666
184,-388,-630
106,-453,-613
180,-481,-590
240,-584,-498
184,-700,-332
90,-727,-266
-133,-689,-99
-15,-675,36
-39,-532,198
1,-571,170
98,-548,191
276,-465,209
372,-435,177
521,-312,113
597,-265,33
627,-317,-66
627,-348,-104
611,-410,-168
611,-411,-149
617,-362,-83
577,-244,68
455,-152,206
379,-77,244
240,84,250
61,209,200
-135,275,86
-197,282,30
-282,272,-74
-256,312,-161
-199,355,-197
-6,418,-207
232,408,-137
329,331,-131
505,262,-156
594,165,-193
624,112,-246
586,165,-283
400,337,-267
86,427,-222
-66,409,-179
-287,304,-143
-419,158,-130
-489,14,-173
-500,-35,-208
-463,-130,-372
-287,-93,-559
-234,-54,-589
-135,53,-608
-5,248,-527
-5,306,-473
54,311,-482
162,240,-561
325,123,-605
414,72,-587
475,36,-565
440,-1,-597
340,-18,-644
127,-62,-686
-53,-123,-667
-223,-208,-597
-286,-268,-549
-359,-353,-450
-380,-415,-372
-387,-445,-331
-379,-521,-194
-300,-597,-60
-212,-633,28
-190,-637,46
-114,-653,92
-81,-619,149
-73,-607,167
-84,-589,177
-156,-533,191
-245,-478,178
-440,-350,20
-466,-230,-311
-300,-245,-516
-195,-286,-580
-15,-343,-628
45,-399,-623
96,-411,-622
107,-493,-584
146,-524,-564
159,-533,-552
118,-520,-568
-67,-539,-523
-202,-588,-386
-252,-607,-293
-287,-601,-95
-238,-582,55
-209,-564,105
-173,-520,169
-137,-505,200
-129,-626,78
-67,-710,-54
216,-727,-173
461,-592,-209
421,-621,-243
440,-597,-254
505,-521,-263
605,-301,-174
602,-195,-102
590,-92,-128
545,1,-91
474,70,-12
361,150,40
282,193,52
234,201,103
151,199,105
23,192,124
-144,140,130
-186,115,130
-217,81,136
-237,46,150
-237,25,160
-149,42,194
-45,60,211
72,75,208
107,49,218
194,-34,231
135,24,222
92,77,204
24,112,185
4,100,198
-38,135,172
-344,-71,116
-364,-17,78
-381,-25,72
-402,-50,57
-454,-99,-6
-466,-310,-50
-469,-347,-88
-467,-371,-150
-447,-413,-156
-471,-190,-39
-450,-130,0
-419,-120,55
-444,-114,12
-459,-132,-19
-482,-218,-127
-461,-309,-233
-440,-344,-281
-379,-402,-352
-324,-461,-386
-291,-475,-409
-292,-477,-408
-309,-476,-390
-325,-460,-399
-332,-440,-408
-326,-423,-427
-345,-355,-445
-367,-298,-444
-391,-190,-437
-417,-137,-400
-459,-229,-316
-447,-304,-312
-402,-373,-360
-354,-405,-408
-318,-423,-433
-307,-444,-430
-280,-480,-427
-252,-536,-386
-255,-552,-355
-321,-544,-211
-407,-448,-181
-425,-414,-196
-421,-399,-287
-341,-448,-392
-210,-507,-475
-152,-514,-509
-67,-506,-552
-33,-470,-583
-36,-444,-599
-62,-420,-603
-124,-394,-598
-109,-379,-612
-75,-349,-632
-31,-362,-642
32,-303,-665
-11,-296,-662
-9,-327,-654
-16,-473,-597
32,-496,-590
218,-469,-595
311,-444,-577
406,-393,-545
382,-462,-526
228,-555,-527
157,-632,-449
148,-658,-410
65,-672,-379
-59,-675,-322
-187,-629,-287
-236,-601,-283
-264,-585,-282
-224,-610,-300
-203,-621,-307
-131,-655,-313
47,-701,-310
144,-698,-321
291,-610,-448
398,-513,-498
494,-353,-534
535,-281,-521
591,-92,-460
612,-21,-400
601,-46,-426
481,-99,-564
273,-74,-651
29,-47,-657
-73,-54,-638
-174,-84,-605
-203,-87,-594
-215,-87,-586
-221,-35,-572
-120,50,-583
-33,101,-583
190,242,-476
389,241,-345
547,115,-288
612,14,-256
659,-259,-190
581,-494,-153
522,-571,-164
393,-681,-204
321,-715,-212
291,-723,-196
291,-721,-178
357,-671,-70
505,-433,65
548,-252,81
455,136,26
222,320,-57
92,338,-56
55,329,-33
1,298,20
3,254,89
21,214,135
175,35,233
235,-82,251
267,-119,247
338,-235,219
390,-250,188
406,-218,185
414,-181,182
388,-86,191
473,9,87
504,63,6
541,95,-146
528,118,-252
521,114,-334
503,94,-382
397,77,-526
296,107,-569
301,88,-581
309,75,-581
364,117,-517
441,131,-428
492,152,-284
523,121,-238
562,61,-168
592,-10,-152
624,-168,-150
600,-376,-160
559,-472,-141
454,-608,-127
316,-703,-175
260,-718,-233
157,-700,-373
102,-647,-466
76,-580,-538
60,-543,-566
29,-456,-619
4,-338,-663
-18,-278,-674
-66,-231,-672
-97,-257,-663
-91,-320,-651
-80,-375,-646
42,-527,-599
293,-532,-560
399,-484,-532
509,-336,-505
490,-257,-532
448,-209,-564
330,-223,-624
163,-225,-667
47,-263,-663
8,-275,-655
-65,-332,-628
-86,-377,-606
-82,-394,-600
-41,-422,-602
22,-434,-612
58,-495,-583
87,-533,-566
114,-623,-495
112,-680,-438
88,-674,-452
101,-653,-478
158,-625,-498
186,-607,-506
202,-614,-502
228,-602,-506
185,-597,-516
174,-578,-538
145,-551,-564
140,-527,-579
151,-526,-582
265,-488,-579
451,-411,-506
540,-291,-447
548,-190,-443
436,-35,-525
360,3,-556
318,18,-567
252,48,-579
188,79,-580
150,49,-605
-3,37,-606
-125,-3,-595
-219,-17,-557
-268,-34,-531
-345,-90,-483
-383,-124,-443
-403,-138,-423
-431,-154,-379
-487,-207,-230
-483,-262,-84
-449,-302,11
-301,-367,175
-150,-395,250
-99,-412,260
64,-445,267
209,-436,254
266,-405,241
363,-385,211
426,-353,188
454,-323,172
453,-312,175
375,-307,232
76,-293,316
-43,-310,304
-244,-323,227
-421,-209,91
-465,-52,-11
-476,-10,-89
-406,138,-239
-304,249,-265
-261,280,-282
-165,317,-334
-95,317,-388
-52,302,-415
67,295,-465
278,273,-435
426,209,-389
475,188,-350
460,82,-513
446,39,-549
442,22,-555
446,31,-548
410,53,-568
371,48,-594
382,36,-593
403,-11,-595
403,-42,-604
411,-107,-609
446,-287,-575
503,-374,-491
528,-407,-444
519,-500,-365
453,-574,-363
371,-631,-364
331,-645,-381
234,-679,-391
182,-697,-385
158,-712,-359
138,-741,-255
215,-739,-192
396,-665,-156
546,-525,-180
649,-224,-238
570,54,-317
475,153,-377
340,203,-455
215,230,-486
131,260,-470
108,282,-442
127,335,-341
286,328,-174
380,278,-124
534,116,-76
588,-125,23
577,-217,43
541,-321,78
508,-293,127
407,-380,188
372,-399,202
281,-473,210
215,-494,221
206,-506,216
189,-537,197
110,-618,136
-18,-666,66
-20,-649,87
-69,-622,104
-151,-574,120
-232,-512,125
-379,-359,89
-468,-254,-21
-485,-228,-70
-499,-137,-133
-481,-13,-200
-319,232,-284
-202,319,-266
14,392,-252
222,383,-231
305,359,-210
366,319,-75
408,266,-5
420,265,-8
387,320,-95
226,395,-264
32,385,-354
-57,366,-370
-245,322,-275
-320,266,-70
-318,228,20
-190,129,221
-14,-78,337
135,-234,339
153,-254,335
222,-307,313
307,-353,273
330,-374,256
357,-456,212
519,-500,19
493,-565,-32
502,-560,-47
508,-545,-34
629,-360,-147
645,-292,-167
644,-289,-222
634,-296,-262
640,-78,-244
582,-424,-129
551,-471,-112
516,-518,-111
491,-547,-110
382,-644,-147
218,-712,-195
158,-721,-194
66,-721,-147
-6,-711,-142
-20,-701,-78
-6,-703,-68
-25,-699,-57
-112,-683,-62
-124,-671,-40
-207,-638,-58
-251,-621,-123
-268,-612,-184
-196,-652,-238
-26,-714,-123
207,-709,-76
301,-698,-124
510,-577,-254
585,-419,-395
588,-348,-450
537,-188,-553
431,-163,-637
371,-175,-666
354,-221,-675
457,-342,-591
558,-434,-419
573,-487,-281
394,-631,-70
172,-639,68
-43,-685,-45
-132,-668,-84
-283,-583,-248
-366,-374,-419
-365,-340,-445
-299,-460,-448
-215,-539,-464
-143,-558,-505
-9,-586,-543
-24,-606,-517
-128,-588,-483
-176,-584,-454
-212,-624,-361
-276,-618,-177
-324,-565,-109
-372,-495,-119
-331,-533,-176
-320,-538,-237
-340,-437,-385
-322,-442,-418
-298,-472,-430
-268,-535,-399
-129,-681,-280
-163,-671,-203
-255,-555,-153
-371,-506,-109
-377,-474,-31
-332,-433,95
-305,-410,144
-291,-352,190
-300,-290,204
-298,-303,201
-254,-352,204
-166,-228,266
-102,-231,282
-73,-208,290
81,-94,298
188,7,262
227,68,228
205,153,196
176,246,127
102,350,-1
85,376,-73
78,391,-197
49,385,-255
50,383,-260
44,369,-308
-11,353,-345
-38,346,-351
-107,338,-351
-262,280,-348
-255,287,-354
-222,308,-355
-144,331,-400
-85,344,-415
-89,352,-396
-125,374,-295
-106,383,-147
-33,391,-97
142,391,-149
214,364,-294
197,355,-355
170,347,-394
124,326,-446
125,298,-487
141,288,-500
167,328,-442
168,384,-337
-11,418,-221
-98,410,-182
-198,385,-215
-206,387,-248
-204,391,-268
-208,393,-273
-249,380,-147
-173,339,68
-61,334,123
137,375,63
207,425,-97
190,437,-150
192,437,-238
206,432,-272
233,427,-258
280,401,-66
313,363,12
305,317,103
337,260,148
425,206,148
389,349,-9
404,376,-120
411,376,-155
375,372,-44
386,138,238
389,128,247
579,-30,171
644,-27,72
710,-41,-114
652,73,-291
446,249,-407
368,246,-472
228,234,-545
128,253,-542
158,213,-570
208,196,-574
378,183,-515
595,-51,-453
650,-211,-395
651,-392,-321
584,-552,-218
531,-599,-223
523,-590,-266
527,-424,-464
450,31,-534
414,96,-525
309,224,-495
344,219,-476
404,207,-439
558,128,-319
679,-96,-176
660,-318,-31
610,-414,22
475,-573,78
316,-714,24
229,-760,-24
164,-781,-80
171,-784,-112
272,-760,-113
398,-709,-147
622,-460,-266
624,-249,-410
585,-228,-459
481,-238,-550
414,-194,-588
384,-136,-604
347,-134,-616
373,-70,-591
297,93,-565
261,213,-488
223,220,-499
257,279,-402
234,285,-409
130,264,-475
65,281,-465
24,319,-408
-25,355,-327
-112,361,-136
-80,372,-115
-60,374,-106
57,392,-115
118,397,-132
151,396,-195
134,401,-225
93,396,-281
52,378,-338
14,376,-332
-114,374,-226
-190,346,-142
-222,327,-106
-292,247,-2
-349,188,-2
-396,120,13
-417,100,-11
-457,27,-28
-466,19,-49
-462,33,-64
-454,52,-97
-442,87,-169
-434,91,-227
-433,94,-237
-436,78,-243
-493,-47,-155
-489,-45,-141
-471,-17,-76
-471,-48,-59
-485,-98,-78
-495,-182,-130
-496,-205,-237
-453,-174,-375
-416,-129,-434
-345,-62,-508
-237,9,-569
-165,33,-598
-38,58,-628
106,43,-643
214,26,-632
266,0,-626
331,-49,-610
359,-61,-592
365,-62,-585
357,-67,-581
357,-58,-570
361,-49,-564
384,-43,-544
442,-58,-506
485,-96,-478
488,-82,-474
496,-60,-465
501,-32,-451
506,-24,-441
518,-10,-419
511,14,-418
501,24,-425
467,59,-447
463,73,-443
467,96,-409
468,110,-399
467,126,-373
519,107,-198
499,122,-123
399,195,-54
365,172,19
402,84,57
388,74,73
396,47,76
362,23,111
319,40,131
289,83,119
297,130,76
295,163,49
291,229,-21
278,265,-59
253,303,-117
203,331,-174
142,349,-229
114,352,-256
94,357,-269
44,348,-307
-3,339,-331
-54,306,-358
-115,292,-368
-146,274,-375
-125,289,-371
-91,314,-342
70,363,-249
223,345,-188
258,331,-165
316,288,-96
304,243,8
189,191,126
137,145,171
5,6,235
-132,-166,237
-153,-279,215
-214,-392,144
-246,-432,96
-276,-473,32
-295,-488,-15
-292,-539,-207
-222,-417,-492
-154,-289,-580
-32,129,-543
-68,329,-244
-36,343,-199
128,355,-152
344,284,-109
546,71,-51
566,-89,44
518,-387,82
368,-571,82
306,-610,83
245,-672,19
109,-600,149
-57,-678,17
-163,-620,46
-239,-598,3
-364,-491,-41
-404,-449,-73
-452,-354,-86
-493,-131,-159
-460,20,-203
-351,214,-171
-191,339,-167
7,402,-166
94,406,-145
258,372,-84
432,278,-45
493,235,-55
555,210,-200
477,235,-407
308,270,-513
216,278,-541
0,282,-541
-252,223,-471
-345,178,-408
-441,86,-318
-506,-105,-207
-506,-198,-145
-482,-299,-79
-446,-402,-99
-444,-386,-310
-391,-314,-463
-165,32,-620
-60,213,-560
-8,300,-492
344,304,-393
448,291,-284
506,239,-316
515,224,-331
612,88,-324
670,-56,-293
670,-83,-314
668,-163,-345
658,-295,-346
613,-551,-334
419,-618,-424
236,-621,-528
168,-604,-554
195,-527,-611
149,-416,-667
53,-88,-700
29,128,-629
-14,295,-492
-70,356,-383
-83,377,-328
-83,379,-329
-75,376,-351
-30,351,-437
21,303,-513
295,61,-644
485,-149,-594
519,-141,-568
569,-177,-509
619,-201,-418
645,-141,-304
645,-107,-263
627,-186,-372
451,-192,-601
267,-132,-681
-37,48,-649
-82,140,-590
-14,196,-565
28,207,-559
53,262,-502
31,293,-461
0,282,-469
-79,207,-525
-104,38,-612
88,-217,-674
139,-293,-664
299,-359,-611
424,-233,-569
468,-171,-531
458,-78,-514
376,45,-523
319,88,-534
190,178,-527
33,260,-466
-152,268,-386
-210,269,-328
-201,296,-269
-171,321,-212
-157,330,-163
-125,336,-86
-42,358,-66
69,368,-69
146,364,-81
253,344,-93
395,290,-153
455,247,-223
494,193,-317
481,178,-373
451,196,-391
424,145,-460
447,-108,-551
440,-165,-562
425,-219,-570
365,-294,-591
196,-563,-514
93,-602,-486
-57,-624,-428
-219,-585,-365
-306,-558,-267
-340,-540,-233
-349,-545,-180
-352,-551,-134
-359,-540,-97
-282,-604,-33
-23,-724,-56
-13,-723,-60
-3,-737,-140
-217,-621,2
-226,-623,-28
-273,-584,-14
-325,-551,-49
-357,-530,-95
-381,-515,-156
-368,-469,-359
-146,-594,-456
23,-552,-567
111,-504,-607
226,-497,-600
310,-567,-519
339,-598,-476
298,-651,-420
265,-647,-429
211,-615,-475
164,-620,-479
-17,-635,-448
-176,-634,-346
-247,-616,-268
-369,-512,-66
-355,-368,136
-317,-284,201
-263,-124,254
-204,-33,271
-144,30,277
-117,57,277
-197,78,239
-438,-3,61
-509,-106,-93
-439,-351,-346
-198,-585,-404
26,-705,-310
99,-721,-277
201,-723,-264
291,-710,-263
331,-701,-263
384,-673,-302
335,-655,-410
220,-640,-496
-149,-611,-469
-353,-533,-342
-464,-422,-148
-471,-367,-52
-435,-266,96
-359,-200,193
-314,-188,229
-230,-179,277
-203,-98,287
-267,34,219
-308,108,145
-390,159,-15
-408,172,-242
-424,82,-351
-439,-103,-425
-192,-346,-611
0,-566,-551
70,-646,-479
97,-751,-185
140,-742,-126
167,-725,-69
217,-681,15
212,-718,-76
261,-714,-126
190,-743,-191
99,-758,-205
56,-762,-133
61,-758,-98
92,-754,-59
169,-751,-76
363,-680,-88
594,-462,-123
649,-294,-111
527,-223,124
466,-184,174
346,-173,242
321,-189,252
347,-206,241
443,-229,192
566,-283,74
597,-350,-3
499,-240,157
306,-312,258
113,-283,305
-38,-298,296
-32,-295,298
-177,-432,211
-202,-513,145
-142,-641,45
50,-718,-5
327,-702,-76
385,-681,-96
542,-571,-161
596,-442,-389
604,-374,-428
462,-293,-608
314,-182,-686
282,-22,-685
94,25,-683
-16,190,-584
-93,257,-505
-81,285,-478
-145,283,-451
-147,287,-461
-152,293,-449
-126,238,-534
316,158,-591
614,102,-237
597,121,-171
432,204,31
280,253,86
209,270,95
148,276,100
184,237,131
257,150,179
244,88,220
233,121,209
262,155,184
272,32,243
272,-164,280
212,-57,282
-29,-93,298
13,-162,305
-91,-238,284
-359,-343,111
-430,-410,-54
-390,-478,-306
-336,-421,-468
-284,-369,-544
-206,-322,-609
-151,-243,-647
60,-149,-687
111,-135,-689
377,-9,-592
396,-8,-579
442,-8,-547
509,-27,-492
562,-51,-433
589,-87,-402
623,-95,-331
642,-102,-275
653,-104,-205
649,-95,-210
650,-72,-195
631,-51,-321
599,-79,-419
408,-210,-617
275,-353,-649
178,-275,-638
-46,-597,-514
-51,-694,-365
-47,-719,-311
-53,-726,-265
-45,-696,-373
49,-684,-438
94,-681,-453
195,-650,-481
292,-610,-484
327,-586,-487
351,-561,-495
371,-510,-525
394,-430,-560
436,-370,-558
428,-318,-581
600,-254,-390
614,-81,-331
584,-65,-397
576,-54,-411
541,89,-357
494,70,-454
446,101,-479
430,78,-504
434,75,-504
447,60,-504
502,69,-429
503,54,-439
501,65,-439
503,73,-420
458,126,-419
405,178,-417
321,241,-405
322,248,-395
333,199,-415
354,181,-463
398,145,-471
422,131,-469
430,127,-466
433,150,-448
406,179,-444
375,203,-446
257,234,-476
227,263,-450
183,287,-421
193,277,-429
258,302,-335
425,229,-271
413,242,-256
433,231,-249
421,239,-269
374,262,-318
364,257,-348
374,261,-343
351,258,-393
340,275,-381
265,317,-372
234,352,-320
244,350,-320
316,335,-280
382,309,-251
464,244,-278
500,207,-290
551,119,-355
556,22,-450
548,-22,-487
506,-80,-557
446,-153,-621
355,-246,-665
326,-283,-671
252,-357,-675
245,-375,-669
196,-389,-671
189,-407,-661
104,-450,-644
208,-432,-638
103,-464,-631
141,-488,-616
166,-528,-588
183,-542,-577
155,-561,-571
177,-565,-567
165,-569,-572
176,-575,-566
173,-554,-585
146,-519,-610
131,-513,-617
121,-522,-609
158,-548,-583
186,-592,-539
272,-660,-418
387,-664,-285
532,-550,-131
578,-464,-66
631,-266,8
578,-33,76
531,80,79
386,239,90
219,322,93
135,335,97
0,336,102
-38,341,97
34,357,97
139,356,92
378,167,170
356,-53,270
278,-76,302
137,-46,323
-47,91,270
-121,174,162
-261,201,93
-316,233,-28
-365,205,-108
-387,179,-124
-442,97,-175
-464,28,-212
-470,5,-220
-482,-43,-216
-494,-86,-158
-497,-150,-108
-498,-178,-119
-499,-159,-137
-495,-114,-137
-484,-69,-128
-437,53,-97
-355,160,-72
-256,245,-56
-198,284,-62
-32,351,-99
-19,360,-142
-9,367,-174
-22,368,-147
-41,364,-93
-26,353,-37
-99,303,45
-168,225,111
-217,151,152
-234,120,165
-248,82,181
-256,62,181
-247,76,177
-99,118,211
156,149,183
159,92,216
149,42,243
117,-86,276
132,-163,278
170,-178,271
259,-292,231
129,-189,273
52,-144,275
36,-95,270
20,-174,276
4,-337,254
-35,-396,229
-117,-471,160
-223,-541,30
-267,-537,-11
-340,-511,-160
-384,-385,-341
-367,-175,-455
-327,-110,-498
-242,11,-532
-171,86,-543
-114,119,-549
-49,193,-521
-51,165,-541
-44,171,-536
-75,169,-532
-53,84,-592
43,-61,-652
82,-154,-664
153,-265,-655
215,-328,-634
147,-320,-649
212,-271,-649
228,-210,-655
227,-189,-657
221,-177,-662
214,-163,-666
190,-157,-675
176,-162,-677
172,-202,-683
143,-295,-680
134,-334,-673
250,-164,-679
117,-110,-697
32,-92,-696
18,-109,-698
-19,-143,-692
-85,-169,-676
-118,-197,-663
-114,-287,-649
19,-316,-664
-8,-371,-639
58,-354,-649
-16,-351,-636
-27,-332,-636
-28,-316,-640
-26,-289,-644
-24,-264,-653
-27,-256,-655
-36,-238,-655
-45,-213,-657
-55,-204,-659
-67,-203,-658
-88,-207,-659
-90,-169,-666
-100,-142,-666
-75,-74,-667
-64,-17,-663
-54,28,-653
-116,101,-605
-124,174,-559
-110,236,-509
-88,263,-490
8,301,-470
113,287,-488
136,259,-512
184,169,-576
195,102,-613
201,35,-638
182,-41,-664
125,-196,-680
44,-301,-664
-31,-370,-634
-82,-433,-591
-96,-422,-587
-102,-393,-597
-118,-342,-606
-166,-337,-587
-193,-300,-587
-202,-263,-594
-215,-184,-603
-197,-93,-616
-202,-74,-616
-133,27,-625
-80,139,-598
-85,211,-552
-68,260,-521
0,299,-509
106,284,-534
146,263,-556
188,191,-615
217,130,-644
224,108,-655
231,94,-663
238,117,-648
206,172,-624
183,178,-622
121,238,-583
98,272,-547
92,280,-534
32,240,-556
-11,168,-595
-88,63,-620
-107,7,-629
-121,-64,-635
-79,-15,-632
-76,-29,-634
-50,-49,-644
-19,-60,-654
2,-69,-660
63,-75,-674
134,-92,-683
226,-96,-675
278,-78,-664
339,-112,-655
393,-91,-626
418,-25,-596
464,110,-488
416,189,-457
342,287,-446
188,288,-481
79,257,-534
8,224,-562
-30,206,-570
-74,150,-600
-83,97,-626
-72,76,-639
-86,13,-657
-95,-52,-668
-70,-162,-684
-9,-173,-694
-20,-296,-681
31,-275,-692
7,-310,-682
-16,-375,-657
-60,-374,-642
-86,-398,-621
-187,-433,-553
-174,-440,-550
-188,-472,-523
-194,-465,-527
-159,-390,-586
-168,-372,-598
-166,-343,-609
-160,-267,-632
-147,-228,-647
-151,-196,-645
-159,-178,-642
-165,-155,-638
-176,-124,-629
-184,-120,-628
-214,-143,-619
-182,-190,-640
-127,-166,-667
-63,-140,-690
-22,-36,-686
-14,35,-672
-18,66,-660
-26,107,-643
19,110,-652
61,69,-674
146,-48,-705
178,-164,-716
139,-233,-716
144,-232,-721
146,-162,-720
122,-89,-718
93,-31,-706
43,89,-665
21,172,-617
35,209,-592
109,204,-592
208,173,-594
270,117,-609
283,68,-626
283,19,-638
259,39,-635
224,45,-639
160,20,-655
104,-51,-678
28,-197,-684
-6,-263,-676
-67,-371,-640
-127,-448,-586
-153,-482,-553
-211,-504,-500
-258,-446,-498
-258,-417,-512
-258,-340,-539
-259,-271,-565
-251,-190,-586
-264,-170,-585
-262,-163,-589
-251,-194,-595
-227,-225,-604
-154,-335,-610
-123,-431,-587
-30,-498,-576
9,-510,-582
71,-528,-587
125,-507,-608
146,-496,-620
172,-462,-640
159,-417,-666
141,-393,-676
132,-338,-695
158,-266,-705
177,-229,-706
181,-226,-707
165,-214,-707
122,-151,-705
90,-125,-702
30,-69,-688
-28,21,-656
-23,88,-630
35,189,-579
43,230,-547
52,293,-489
45,322,-450
22,362,-379
-16,380,-325
-35,382,-295
-73,377,-269
-173,330,-271
-302,235,-278
-366,164,-286
-439,37,-278
-476,-87,-273
-480,-166,-287
-477,-305,-257
-429,-454,-251
-386,-518,-265
-255,-650,-279
-106,-714,-337
122,-715,-405
225,-697,-406
375,-637,-402
522,-474,-421
574,-368,-422
600,-274,-414
632,-166,-342
577,76,-228
517,157,-154
399,242,-77
262,282,2
210,292,5
153,307,-1
84,300,19
51,294,24
-16,285,25
-54,281,12
-67,288,-11
-63,289,-19
-45,298,-34
13,311,-49
52,316,-57
179,306,-72
293,279,-82
335,267,-93
442,204,-117
532,130,-178
603,-33,-318
601,-56,-357
562,-145,-464
476,-287,-554
458,-341,-556
435,-456,-521
349,-583,-477
217,-598,-521
67,-620,-515
-55,-614,-492
-172,-571,-474
-260,-497,-475
-376,-383,-432
-415,-315,-401
-444,-245,-357
-458,-205,-332
-474,-120,-252
-465,-37,-195
-449,7,-174
-374,136,-156
-288,227,-188
-249,254,-196
-114,317,-233
29,330,-313
138,298,-380
189,280,-406
279,230,-442
358,152,-483
388,105,-503
462,16,-501
521,-75,-484
565,-156,-454
597,-218,-418
619,-316,-362
620,-395,-324
612,-432,-308
609,-454,-288
614,-453,-288
614,-460,-282
615,-475,-275
612,-479,-280
620,-454,-297
625,-428,-316
635,-343,-362
623,-231,-417
598,-186,-461
543,-55,-489
443,67,-515
379,102,-536
244,147,-555
78,145,-570
-89,127,-545
-138,109,-534
-265,69,-473
-333,30,-429
-365,7,-402
-436,-100,-341
-456,-249,-299
-432,-394,-259
-375,-498,-265
-217,-616,-347
-26,-661,-424
25,-651,-456
110,-626,-495
294,-556,-523
395,-464,-530
476,-420,-495
546,-354,-448
600,-238,-404
621,-187,-360
621,-64,-311
557,77,-323
525,122,-334
426,206,-362
178,322,-365
38,349,-307
31,352,-295
29,350,-295
106,346,-317
169,336,-329
320,307,-282
447,239,-240
509,188,-218
522,175,-227
493,205,-160
518,158,-89
506,109,14
520,-10,81
318,-168,260
196,-221,297
-102,-313,271
-231,-496,116
-292,-508,47
-288,-493,71
-233,-498,116
-158,-571,97
-143,-572,110
-103,-557,147
-56,-539,175
-37,-526,194
-36,-585,136
-33,-616,105
7,-675,19
30,-699,-34
54,-691,-6
28,-697,-24
17,-703,-35
3,-715,-84
-27,-721,-209
-129,-682,-263
-181,-659,-254
-247,-624,-218
-305,-573,-202
-346,-534,-194
-429,-407,-195
-478,-250,-173
-484,-84,-161
-456,8,-129
-375,158,-107
-237,277,-66
-175,306,-39
-3,333,23
192,301,55
268,289,36
413,231,-13
536,128,-57
607,9,-73
630,-60,-83
652,-215,-105
647,-313,-140
643,-338,-159
638,-364,-172
633,-374,-163
638,-360,-159
648,-330,-172
660,-283,-166
668,-178,-168
664,-101,-175
591,113,-167
460,268,-183
377,327,-204
180,396,-240
17,394,-258
-74,339,-269
-275,276,-274
-421,104,-263
-483,-53,-232
-495,-129,-216
-479,-294,-175
-407,-457,-144
-354,-525,-133
-213,-637,-129
-87,-692,-167
-22,-708,-221
2,-700,-290
107,-645,-433
245,-620,-440
293,-613,-423
390,-567,-408
508,-507,-321
524,-495,-320
540,-484,-277
612,-357,-225
614,-339,-170
609,-323,-105
613,-197,-57
599,-41,-66
581,22,-72
516,159,-111
404,275,-150
299,333,-222
255,343,-265
183,335,-346
110,333,-367
84,332,-368
66,329,-371
69,335,-360
74,337,-349
107,337,-352
176,335,-339
281,316,-320
334,290,-313
449,229,-281
536,146,-246
574,94,-233
623,-13,-209
655,-161,-193
655,-285,-209
649,-327,-223
639,-333,-294
647,-260,-329
654,-200,-329
646,-93,-352
626,-8,-365
617,32,-357
630,58,-269
616,81,-166
570,94,-48
543,94,-9
469,82,95
351,85,177
284,108,195
125,220,157
-3,249,118
-124,231,97
-162,215,90
-222,181,83
-272,139,81
-293,123,72
-328,89,71
-353,54,70
-365,40,67
-380,27,61
-382,22,57
-382,27,52
-373,40,50
-287,77,112
-187,81,172
-116,82,199
23,84,221
259,69,188
405,11,132
533,-6,5
589,15,-163
588,17,-308
570,29,-362
563,-7,-424
508,73,-461
472,112,-470
342,40,-607
226,-99,-680
279,-200,-670
291,-245,-661
144,-460,-626
-72,-520,-565
-154,-544,-510
-290,-523,-413
-438,-317,-355
-458,-244,-330
-479,-112,-250
-452,16,-170
-365,143,-90
-319,180,-54
-236,216,4
-149,205,92
-114,181,133
-37,122,206
32,53,255
112,-24,292
143,-63,302
206,-132,310
278,-176,304
331,-183,290
446,-199,234
537,-175,173
574,-152,133
618,-109,78
646,-71,21
663,-52,-13
668,-52,-26
666,-50,-12
615,-28,66
568,-4,123
444,64,196
280,107,249
221,130,268
62,147,252
-63,158,225
-229,91,192
-334,-5,159
-454,-153,33
-496,-259,-148
-494,-262,-217
-472,-229,-336
-410,-151,-459
-315,-71,-549
-273,-18,-576
-156,37,-626
-116,101,-618
-177,125,-581
-303,117,-493
-440,28,-361
-492,-116,-292
-488,-176,-297
-478,-224,-304
-471,-261,-292
-468,-266,-291
-468,-266,-297
-457,-286,-316
-433,-325,-345
-366,-405,-398
-266,-457,-483
-114,-508,-542
-34,-526,-560
128,-555,-555
267,-535,-542
321,-506,-541
422,-398,-548
480,-293,-543
509,-204,-534
526,-164,-522
571,-98,-468
624,-41,-359
638,-13,-288
648,5,-198
647,5,-153
644,16,-143
639,30,-137
635,41,-140
648,14,-178
657,-21,-238
622,-130,-420
537,-182,-540
496,-197,-577
407,-222,-635
290,-239,-679
145,-275,-687
62,-293,-682
-92,-305,-642
-232,-319,-568
-276,-331,-535
-416,-373,-341
-432,-376,-306
-434,-388,-285
-444,-389,-239
-415,-443,-227
-422,-431,-182
-435,-399,-177
-467,-309,-186
-480,-232,-203
-483,-222,-216
-478,-221,-242
-477,-231,-262
-484,-175,-244
-485,-150,-212
-482,-127,-134
-472,-114,-83
-459,-92,-51
-414,-82,39
-204,42,183
-180,92,165
-45,188,145
112,183,166
174,205,144
201,216,125
280,227,85
347,235,35
384,227,16
488,193,-74
525,189,-160
550,160,-283
542,142,-354
499,100,-472
428,55,-565
372,35,-609
267,-7,-669
118,-37,-698
48,-49,-700
-80,-66,-685
-181,-54,-644
-219,-41,-619
-224,-40,-618
-174,-38,-635
-63,-19,-665
13,-18,-680
124,-26,-689
209,-51,-690
252,-71,-687
344,-132,-672
450,-169,-627
570,-90,-514
613,-13,-426
592,149,-240
458,281,-113
385,314,-66
221,347,0
24,326,56
-138,261,79
-187,228,82
-263,161,83
-303,113,76
-300,96,88
-314,67,84
-333,41,79
-336,26,85
-311,1,120
-269,-18,165
-189,-6,213
-133,24,226
11,87,233
135,159,193
225,185,150
402,207,16
536,156,-166
566,75,-377
542,30,-457
431,-93,-617
327,-153,-680
253,-188,-706
116,-226,-724
-9,-230,-719
-53,-227,-715
-58,-218,-713
89,-214,-728
359,-97,-659
457,-10,-578
522,156,-373
492,226,-282
461,249,-270
378,312,-180
307,331,-92
174,363,-71
103,357,-37
83,339,0
-23,299,55
-13,275,90
-207,238,39
-211,242,26
-271,221,-10
-419,86,-80
-462,11,-226
-463,-126,-343
-445,-165,-386
-411,-215,-436
-357,-276,-491
-295,-276,-548
-192,-240,-617
-104,-148,-655
-1,11,-653
74,69,-641
205,107,-610
318,90,-583
377,81,-557
485,68,-480
558,90,-354
576,109,-253
572,53,-34
522,14,52
452,-56,149
421,-77,179
319,5,214
237,94,204
209,123,192
184,140,188
183,142,188
189,143,185
242,134,176
344,153,107
482,125,-3
539,91,-67
615,-14,-224
618,-143,-346
580,-206,-427
408,-325,-580
188,-386,-643
14,-443,-622
-8,-453,-616
-29,-493,-584
-79,-601,-480
-64,-627,-448
-106,-666,-339
-156,-662,-256
-185,-653,-221
-208,-641,-163
-238,-615,-120
-277,-578,-85
-288,-565,-84
-298,-563,-157
-303,-549,-225
-281,-562,-251
-204,-611,-284
-77,-628,-386
-15,-637,-400
10,-640,-404
213,-570,-481
371,-545,-433
464,-528,-363
609,-369,-276
659,-151,-201
652,-76,-154
614,20,-51
544,65,67
498,97,111
503,82,116
552,42,79
657,-94,-74
674,-184,-153
613,-399,-288
522,-495,-359
435,-386,-527
405,-250,-585
298,-68,-620
220,-90,-646
189,-123,-655
127,-202,-663
64,-321,-642
30,-436,-588
5,-497,-553
-15,-612,-453
-36,-669,-374
-48,-680,-348
18,-712,-299
175,-714,-293
248,-706,-272
262,-717,-162
266,-718,-205
328,-695,-181
386,-667,-169
437,-637,-185
456,-622,-189
451,-626,-193
403,-658,-187
364,-680,-175
345,-690,-161
334,-698,-136
367,-688,-223
199,-742,-158
183,-735,-288
131,-668,-445
38,-564,-551
-15,-480,-598
-115,-328,-627
-267,-211,-569
-380,-151,-469
-421,-155,-415
-479,-170,-284
-492,-197,-189
-491,-189,-112
-449,-171,43
-371,-215,152
-341,-351,219
-246,-279,244
-21,-338,306
165,-304,317
186,-314,312
152,-246,329
103,-178,339
79,-98,334
89,4,311
188,-4,300
235,58,273
243,61,271
306,-19,274
490,26,137
489,4,151
533,82,54
581,-15,48
585,-61,58
592,-67,52
571,-96,93
565,-37,81
585,-82,69
662,-54,-111
673,-27,-221
677,-230,-353
653,-390,-328
551,-315,-523
415,-336,-602
395,-416,-573
336,-242,-643
134,-48,-668
9,3,-647
-137,38,-589
-353,32,-436
-423,35,-325
-498,-107,-187
-472,-282,-23
-445,-371,-19
-426,-408,-13
-408,-455,-24
-415,-461,-60
-433,-439,-92
-457,-348,-264
-429,-240,-391
-325,-135,-518
-254,-110,-568
-129,-72,-624
121,-13,-650
235,-62,-647
294,-103,-641
322,-128,-637
382,-140,-611
403,-141,-602
468,-115,-566
542,-115,-510
567,-129,-488
581,-179,-481
600,-136,-446
573,-35,-458
510,24,-502
434,37,-565
354,-1,-633
307,-37,-665
297,-130,-685
241,-256,-697
154,-286,-704
187,-337,-687
203,-356,-676
257,-403,-643
264,-431,-634
249,-589,-537
186,-692,-427
191,-716,-388
226,-730,-343
261,-733,-318
267,-728,-330
249,-708,-405
261,-698,-420
274,-710,-394
274,-718,-375
287,-721,-353
270,-742,-285
221,-759,-249
44,-774,-167
-108,-735,-107
-141,-721,-95
-168,-715,-130
-248,-667,-256
-332,-539,-389
-352,-479,-426
-377,-316,-491
-377,-330,-481
-354,-324,-506
-410,-126,-471
-402,40,-434
-452,37,-351
-464,27,-321
-478,41,-241
-438,95,-57
-406,119,-10
-338,151,73
-269,194,120
-228,144,202
-217,113,225
-190,53,275
-144,14,311
-127,10,318
-82,22,325
-23,41,322
-31,33,319
-61,9,312
-107,-39,305
-114,-54,297
-104,-46,293
-74,-97,307
-51,-105,313
-45,-132,317
-48,-196,322
-64,-205,328
-61,-244,329
-18,-292,340
13,-362,333
66,-399,333
97,-414,331
155,-442,320
141,-503,300
160,-502,300
199,-452,324
193,-410,342
180,-409,347
172,-416,343
154,-439,332
158,-413,342
176,-363,351
180,-304,357
122,-239,367
61,-297,364
-72,-262,342
-123,-244,319
-112,-186,311
-152,-159,293
-195,-3,241
-220,66,195
-207,90,187
-168,66,219
-115,97,231
-59,106,247
-26,129,245
40,196,213
116,212,200
163,207,199
247,185,196
335,154,179
359,138,176
394,112,176
413,99,170
410,143,145
404,165,133
388,181,135
355,203,141
331,162,195
274,90,264
138,30,327
9,-37,348
-29,-66,347
-98,-131,343
-117,-161,333
-122,-158,326
-163,-98,302
-183,-53,278
-188,-14,268
-189,-2,257
-178,17,259
-163,11,270
-155,6,279
-156,16,285
-148,61,281
-122,88,283
-32,45,328
94,-59,364
184,-138,368
228,-160,357
242,-101,350
244,2,330
254,53,307
315,192,197
288,250,147
272,273,123
224,299,106
186,319,75
141,340,28
60,347,15
-28,312,44
-48,297,49
-73,281,69
-96,229,126
-114,154,194
-134,92,237
-126,-2,283
-120,-166,318
-94,-255,326
-50,-308,331
-20,-352,331
2,-371,330
20,-410,322
-11,-343,343
-58,-283,352
-106,-134,342
-117,-93,331
-109,-43,313
-128,22,279
-132,-7,282
-113,41,256
-101,129,218
-102,261,118
-110,312,42
-117,367,-88
-126,371,-115
-140,366,-107
-186,329,-35
-238,226,92
-257,134,162
-320,-71,206
-375,-227,164
-411,-364,79
-419,-424,13
-428,-477,-120
-430,-471,-226
-435,-446,-264
-444,-409,-296
-464,-360,-291
-490,-285,-259
-503,-245,-251
-506,-167,-251
-498,-106,-281
-495,-70,-290
-466,30,-324
-426,122,-334
-404,155,-345
-362,231,-324
-323,297,-240
-330,290,-248
-338,280,-250
-356,258,-241
-396,196,-271
-427,114,-322
-489,-70,-305
-493,-279,-220
-444,-413,-135
-392,-482,-84
-280,-566,27
-113,-645,86
-34,-681,80
95,-717,60
159,-715,69
161,-701,85
101,-708,90
-34,-679,98
-187,-606,93
-281,-521,94
-396,-404,33
-466,-311,-58
-488,-271,-105
-503,-123,-224
-439,41,-349
-367,89,-437
-323,94,-491
-223,82,-579
-179,52,-620
-188,64,-610
-262,67,-566
-345,43,-503
-389,14,-467
-446,-4,-381
-479,-32,-308
-501,-82,-235
-504,-102,-189
-501,-160,-114
-486,-219,-68
-478,-258,-60
-413,-42,66
-404,-73,93
-365,-95,150
-356,-57,146
-271,-66,211
-264,-78,217
-266,-105,221
-257,-204,225
-267,-228,218
-244,-256,227
-179,-374,223
-123,-457,204
-71,-419,242
-47,-435,238
0,-500,212
147,-522,198
219,-524,186
358,-518,130
480,-519,25
576,-460,-67
609,-415,-111
658,-291,-153
669,-133,-194
654,-44,-200
588,112,-218
495,236,-217
441,287,-191
326,356,-124
231,380,-60
161,384,-36
101,384,-19
-49,375,-31
-116,371,-85
-141,367,-126
-172,350,-174
-189,336,-199
-200,321,-254
-217,308,-261
-235,295,-251
-243,279,-260
-249,271,-261
-261,253,-276
-302,211,-287
-315,176,-296
-336,160,-312
-341,145,-330
-320,156,-368
-292,168,-393
-219,194,-449
-119,207,-508
-74,202,-537
76,197,-577
333,175,-544
602,-4,-403
664,-90,-300
669,-165,-83
563,-102,108
509,-86,159
392,-46,231
337,-32,251
150,30,290
-21,145,240
-36,197,205
-67,202,192
-116,224,161
-153,322,3
-295,284,-170
-287,290,-191
-292,282,-225
-275,273,-305
-287,209,-404
-287,201,-415
-310,166,-426
-397,81,-380
-437,29,-351
-491,-85,-292
-512,-196,-238
-515,-14,-215
-505,-309,-196
-476,-406,-202
-429,-499,-226
-407,-528,-229
-338,-603,-287
-214,-629,-437
-189,-632,-458
-173,-656,-439
-188,-658,-415
-240,-619,-406
-278,-590,-397
-367,-523,-330
-464,-356,-295
-484,-239,-304
-432,70,-268
-353,191,-226
-317,250,-229
-267,269,-202
-225,300,-200
-127,351,-187
-74,368,-208
48,382,-120
82,380,-84
68,382,-84
68,342,35
29,332,51
97,351,23
99,360,6
74,369,4
204,389,-101
268,370,-93
208,377,-54
163,384,-65
104,385,-47
73,383,-48
75,388,-87
138,391,-179
194,376,-256
290,315,-368
399,208,-448
464,129,-474
536,-43,-509
570,-237,-506
531,-437,-479
492,-525,-453
368,-678,-373
210,-754,-324
145,-761,-326
57,-747,-367
-26,-715,-403
-63,-704,-405
-150,-655,-423
-289,-569,-403
-430,-396,-362
-463,-321,-343
-493,-211,-287
-490,-89,-260
-484,-48,-239
-457,33,-202
-450,45,-173
-442,53,-164
-441,53,-156
-439,52,-136
-444,35,-121
-448,30,-127
-468,-19,-203
-479,-92,-241
-488,-159,-239
-478,-315,-228
-436,-444,-209
-333,-586,-228
-225,-670,-267
138,-751,-309
336,-716,-261
436,-661,-259
641,-338,-306
658,-107,-256
599,61,-176
551,126,-144
457,207,-73
237,323,-35
246,324,-57
194,344,-67
175,323,3
141,332,-3
60,322,30
34,299,61
54,290,77
64,303,58
85,339,-2
102,374,-91
90,384,-137
70,393,-229
-27,369,-327
-41,341,-406
-62,308,-455
-134,256,-491
-217,206,-488
-253,189,-476
-334,136,-443
-405,45,-418
-441,-24,-400
-478,-215,-345
-455,-387,-279
-432,-456,-132
-425,-448,-66
-390,-406,60
-376,-380,101
-399,-375,71
-479,-359,-103
-463,-316,-345
-343,-238,-529
-286,-171,-584
-127,-26,-652
9,37,-671
60,36,-681
112,10,-695
130,-30,-711
107,-48,-715
-61,-133,-697
-263,-202,-607
-441,-215,-426
-487,-204,-336
-515,-160,-200
-508,-114,-132
-504,-105,-96
-492,-71,-68
-436,-126,80
-385,-227,147
-297,-285,214
-237,-419,209
-193,-562,134
-24,-650,115
180,-685,68
314,-680,10
412,-589,-25
567,-530,-140
653,-404,-191
689,-255,-243
684,-160,-292
578,48,-434
368,174,-538
247,182,-585
76,153,-615
-59,113,-615
-179,32,-597
-195,9,-599
-193,-21,-606
-139,-27,-630
-75,1,-645
98,48,-652
276,38,-628
375,-4,-534
575,-62,-459
674,-204,-282
653,-364,-146
626,-417,-99
564,-490,-34
496,-547,21
464,-548,65
425,-539,118
408,-590,74
303,-721,-57
257,-749,-112
265,-750,-131
236,-762,-243
219,-745,-345
283,-651,-477
332,-431,-625
339,-225,-660
344,-142,-668
340,14,-637
334,48,-627
344,52,-621
345,-7,-636
317,-155,-665
234,-277,-680
-113,-451,-599
-179,-490,-546
-247,-491,-493
-358,-447,-406
-503,-181,-200
-466,14,-121
-428,76,-81
-361,97,44
-219,151,138
36,213,178
163,181,192
335,105,186
462,-19,175
508,-111,164
559,-262,124
582,-355,72
590,-386,46
613,-421,-11
627,-444,-56
639,-416,-38
635,-380,1
617,-323,66
568,-147,146
543,-63,156
462,48,181
339,188,175
197,148,252
157,137,262
27,38,307
-12,-220,340
-25,-360,316
86,-609,188
261,-672,85
355,-647,64
472,-602,11
537,-548,-11
606,-453,-13
629,-400,-3
664,-319,-1
667,-330,-5
634,-281,82
540,-298,188
409,-354,259
287,-288,322
237,-176,338
97,-22,338
-55,-28,328
-131,-57,315
-214,-125,294
-204,-181,299
-188,-219,304
-180,-313,290
-186,-513,200
-87,-687,55
-60,-720,9
2,-759,-70
186,-768,-212
242,-747,-276
232,-738,-330
436,-608,-393
511,-536,-402
556,-485,-393
571,-459,-422
590,-377,-474
607,-315,-486
612,-243,-504
649,-230,-450
704,-144,-291
690,-32,-198
667,30,-185
578,185,-221
523,241,-268
488,259,-312
467,281,-284
457,295,-248
445,304,-245
450,306,-242
468,285,-282
468,282,-287
515,228,-304
551,189,-257
564,170,-227
574,135,-139
626,7,-90
623,-91,-34
656,-145,-83
667,-187,-119
668,-216,-149
669,-202,-159
671,-184,-175
671,-178,-191
668,-177,-180
665,-181,-161
658,-176,-144
658,-183,-149
656,-181,-145
653,-182,-145
655,-190,-149
654,-182,-153
656,-177,-159
657,-183,-161
656,-190,-152
656,-221,-155
644,-277,-116
638,-300,-113
624,-294,-61
624,-269,-65
622,-209,-57
615,-188,-37
609,-137,-32
594,-26,-52
569,74,-101
562,94,-128
555,108,-226
557,105,-255
574,68,-261
613,-39,-293
630,-89,-288
628,-128,-327
617,-175,-374
582,-258,-430
521,-251,-515
497,-216,-543
354,-203,-640
343,-186,-644
322,-193,-652
205,-271,-681
288,-215,-657
338,-270,-626
350,-140,-629
365,-247,-616
431,-287,-571
493,-279,-522
588,-199,-414
616,-87,-345
607,-35,-338
591,3,-361
583,-35,-412
582,-96,-445
586,-111,-447
599,-94,-424
597,-31,-399
586,-2,-407
577,4,-420
580,-29,-433
585,-66,-440
592,-119,-445
597,-129,-432
597,-138,-438
591,-172,-453
593,-197,-445
603,-237,-431
589,-261,-446
594,-234,-442
599,-212,-436
601,-159,-429
591,-139,-440
592,-116,-429
578,-94,-441
555,-75,-460
532,-46,-476
559,-53,-437
577,-26,-392
589,-42,-378
614,-106,-354
607,-172,-379
601,-192,-386
582,-221,-411
576,-281,-396
573,-321,-384
553,-410,-352
535,-450,-344
528,-468,-340
518,-485,-338
502,-512,-324
497,-531,-306
500,-535,-303
497,-538,-295
496,-540,-295
493,-540,-296
492,-536,-309
496,-535,-313
504,-528,-323
508,-528,-324
496,-515,-369
484,-468,-438
502,-427,-451
548,-279,-469
593,-220,-414
594,-174,-412
620,-160,-347
621,-148,-327
621,-177,-300
628,-180,-285
620,-219,-318
552,-101,-447
527,-79,-474
536,-85,-465
554,-97,-439
598,-148,-360
613,-181,-332
610,-102,-330
596,0,-275
601,-10,-273
611,-16,-242
637,-106,-218
637,-98,-207
628,-48,-172
618,-16,-158
618,-13,-157
619,-18,-157
624,-19,-192
633,-55,-211
636,-73,-227
633,-91,-280
626,-96,-309
628,-90,-309
631,-80,-286
632,-69,-278
645,-87,-244
648,-100,-226
654,-123,-194
654,-116,-162
652,-101,-158
647,-51,-181
655,-114,-236
659,-172,-197
655,-170,-181
645,-256,-221
406,-625,-286
354,-652,-296
409,-606,-318
346,-618,-363
302,-639,-377
149,-526,-546
-140,-333,-589
-162,-64,-586
-133,16,-578
-51,83,-577
68,17,-627
121,-11,-641
206,-76,-654
259,-86,-652
294,-101,-648
298,-97,-651
275,-114,-664
236,-130,-676
214,-152,-682
198,-220,-680
169,-266,-680
181,-296,-667
182,-294,-673
173,-220,-684
203,-187,-683
240,-186,-679
336,-160,-653
408,-123,-629
436,-136,-618
470,-144,-599
489,-163,-587
479,-163,-595
449,-156,-612
320,-144,-667
126,-73,-689
47,-9,-672
-107,20,-629
-251,37,-544
-305,17,-446
-427,14,-347
-485,-82,-202
-478,-166,-65
-455,-228,-14
-391,-391,27
-277,-505,73
-223,-543,83
-105,-610,86
-2,-666,46
70,-691,9
117,-705,-24
189,-718,-81
251,-717,-157
261,-713,-203
235,-710,-253
86,-722,-228
7,-712,-226
-51,-700,-232
-142,-664,-274
-157,-657,-290
-157,-660,-283
-121,-671,-309
-27,-681,-357
6,-687,-361
69,-681,-391
150,-609,-483
-296,-574,-45
-363,-516,-121
-490,-203,-177
-434,6,-339
-356,76,-424
-105,45,-621
175,-101,-688
398,-210,-634
482,-224,-588
560,-171,-530
529,-133,-555
572,-374,-460
613,-206,-450
549,-242,-508
495,-290,-546
388,-262,-617
297,-184,-666
265,-164,-679
269,-166,-678
262,-181,-681
194,-208,-691
131,-198,-698
8,-174,-691
-109,-116,-662
-141,-265,-647
-73,-338,-656
-247,-269,-591
-297,-206,-568
-332,-223,-534
-451,-209,-389
-495,-200,-233
-497,-266,-127
-466,-350,-135
-371,-515,-225
-263,-574,-350
-204,-576,-414
-100,-537,-516
-41,-530,-543
-38,-574,-506
-87,-704,-235
-191,-656,-74
-312,-551,-20
-382,-463,-17
-467,-238,-20
-476,-116,-52
-487,-84,-125
-473,-15,-178
-449,48,-162
-418,86,-96
-412,94,-80
-385,131,-78
-358,153,-53
-337,176,-43
-302,207,-38
-288,193,16
-301,111,95
-301,91,109
-334,-24,142
-354,-239,139
-350,-390,83
-343,-506,-34
-283,-593,-199
-268,-592,-275
-231,-532,-429
-193,-380,-558
-132,-198,-625
-89,-124,-643
19,113,-599
119,255,-497
130,294,-448
156,337,-383
176,343,-382
195,345,-373
239,380,-222
245,348,-12
254,251,137
265,224,165
324,215,156
397,150,171
430,110,176
478,54,176
513,11,173
533,1,159
535,-1,159
535,-2,158
526,24,152
501,61,155
413,176,159
254,267,171
163,328,156
44,345,123
6,395,0
13,377,22
25,357,53
109,307,115
178,218,182
199,149,221
206,-6,277
267,-151,279
353,-272,235
389,-314,204
408,-357,177
431,-326,171
438,-288,177
479,-142,160
529,87,23
488,242,-242
422,248,-395
266,157,-586
138,-10,-675
113,-73,-684
118,-136,-687
153,-173,-684
155,-130,-684
184,165,-581
238,373,-197
387,175,109
448,59,142
476,-180,179
513,-300,125
527,-325,104
540,-324,84
538,-145,112
442,177,46
392,276,-57
250,335,-343
167,138,-589
115,1,-649
22,-191,-665
-73,-324,-623
-121,-409,-570
-120,-419,-566
-132,-349,-593
-193,-51,-589
-213,206,-435
-162,247,90
-41,111,247
-16,43,281
25,-56,313
114,-55,309
98,20,290
25,148,231
-205,317,-109
-313,61,-468
-310,-142,-526
-278,-467,-438
-244,-562,-359
-241,-563,-358
-272,-508,-400
-345,-162,-488
-288,210,-340
-266,267,-221
-258,241,-24
-281,185,43
-290,167,55
-303,187,9
-342,188,-256
-385,-199,-440
-367,-388,-388
-260,-606,-222
-236,-632,-153
-244,-632,-148
-288,-601,-191
-343,-543,-260
-424,-320,-376
-446,-149,-381
-390,149,-249
-377,177,-102
-372,172,-72
-382,162,-86
-430,95,-213
-484,-92,-252
-381,-501,-265
-213,-655,-101
-189,-619,42
-191,-602,68
-214,-581,72
-283,-605,-69
-319,-590,-167
-447,-422,-218
-511,-226,-135
-507,-192,-64
-502,-195,-52
-504,-205,-70
-512,-214,-127
-510,-227,-164
-479,-342,-236
-424,-460,-209
-344,-563,-185
-315,-588,-137
-302,-585,-63
-210,-602,50
-178,-600,80
-141,-616,86
-133,-605,103
-236,-437,191
-254,-288,241
-230,-188,273
-207,-93,282
-176,27,266
-102,-31,306
30,-179,342
164,-315,317
432,-206,220
640,-61,-172
510,-45,-483
420,-99,-570
342,-200,-615
325,-221,-622
320,-206,-627
384,-100,-590
541,73,-356
563,107,-215
510,68,63
323,-103,283
250,-354,280
253,-416,249
253,-456,227
249,-458,231
260,-410,253
348,-184,273
475,142,69
457,232,-358
382,143,-525
287,-93,-647
311,-163,-647
324,-166,-644
362,-101,-630
542,53,-441
600,83,66
398,-20,243
116,-252,342
75,-400,306
78,-442,286
120,-476,266
170,-427,284
275,-319,292
565,-145,95
634,-180,-333
564,-306,-432
551,-333,-444
510,-394,-465
490,-404,-480
504,-400,-468
637,-297,-291
487,-293,172
36,-512,245
-21,-567,196
-30,-581,179
-80,-587,153
-102,-587,148
-105,-565,168
62,-498,247
171,-481,243
279,-443,230
117,2,303
183,216,170
236,261,101
295,335,-101
209,368,-97
202,374,-135
111,394,-234
70,395,-225
54,377,-318
64,355,-377
148,264,-506
408,44,-559
501,6,-502
618,13,-293
642,-31,-156
617,-220,-70
493,79,66
386,175,94
189,139,219
132,137,240
9,97,279
0,82,294
-17,76,298
-59,103,285
-94,156,247
-68,208,221
-50,260,181
2,382,34
182,425,-108
231,422,-180
247,424,-222
227,406,-336
208,393,-366
128,379,-429
91,383,-418
68,419,-338
41,430,-292
68,441,-152
91,430,-84
122,399,13
172,313,135
217,155,255
285,-169,323
274,-387,288
183,-689,81
48,-767,-259
16,-730,-379
39,-666,-487
77,-618,-545
99,-580,-572
135,-575,-578
185,-576,-574
215,-565,-578
240,-579,-562
283,-703,-392
319,-667,82
379,-631,83
133,219,229
102,300,146
-39,391,-41
-84,399,-139
-154,371,-233
-217,336,-256
-251,308,-276
-301,218,-367
-336,121,-415
-411,-211,-426
-343,-326,-482
-129,-356,-614
-84,-470,-585
-4,-478,-604
93,-563,-555
240,-498,-583
256,-521,-565
388,-494,-519
388,-512,-498
407,-502,-495
421,-492,-490
505,-515,-369
539,-430,42
505,-307,150
440,-151,216
464,29,131
450,100,91
424,111,102
437,133,62
443,174,-2
443,170,0
462,155,-11
529,111,-90
588,32,-178
597,-259,-368
392,-612,-354
281,-673,-348
240,-691,-334
99,-712,-53
-4,-616,108
-24,-573,146
-124,-436,209
-253,-250,210
-270,-153,207
-326,-49,146
-332,79,72
-253,255,-92
-225,264,-289
-131,289,-349
-41,232,-474
18,205,-513
21,162,-549
97,174,-552
128,71,-620
150,10,-645
190,-105,-678
146,-192,-703
134,-209,-708
105,-233,-716
105,-236,-716
125,-182,-714
112,-102,-705
-42,72,-635
-213,225,-435
-237,272,-318
-253,274,-84
-344,92,69
-430,-118,55
-465,-247,-20
-358,-505,-318
-113,-566,-502
-15,-541,-558
149,-522,-588
279,-460,-595
336,-448,-580
472,-383,-525
583,-369,-401
628,-412,-206
615,-420,-93
530,-430,84
410,-392,222
323,-377,276
148,-345,336
16,-342,340
-79,-345,321
-91,-336,316
-47,-322,324
116,-243,343
251,-195,320
440,-144,228
619,-122,2
642,-84,-98
623,-13,-254
510,139,-327
443,200,-333
412,231,-316
421,246,-263
430,251,-183
438,246,-146
482,214,-143
549,96,-18
483,3,160
434,-5,201
370,23,226
329,65,226
326,86,215
396,122,144
486,158,-13
503,167,-98
510,162,-194
530,128,-212
526,120,-237
523,114,-260
536,41,-331
548,-123,-418
527,-251,-455
397,-519,-447
229,-635,-422
48,-673,-394
-8,-673,-387
-38,-618,-465
-84,-522,-541
-110,-462,-572
-248,-275,-572
-370,-222,-478
-420,-141,-349
-474,-122,-302
-471,9,-146
-334,199,-26
-193,252,70
110,225,173
318,166,154
408,135,114
578,37,-25
657,-67,-184
639,-85,-350
602,-52,-414
514,-3,-505
490,-34,-529
489,-62,-533
469,-80,-550
427,-98,-584
406,-85,-594
396,-60,-590
435,96,-498
321,315,-356
214,378,-307
16,406,-268
-95,347,-371
-113,284,-460
-130,115,-577
-141,-117,-637
-122,-209,-637
-119,-227,-634
-102,-242,-635
-17,-286,-641
55,-331,-637
304,-438,-551
476,-471,-408
564,-466,-240
574,-469,-159
423,-554,84
267,-590,160
199,-622,149
-14,-703,36
-246,-649,-80
-345,-567,-123
-459,-346,-253
-448,-153,-342
-374,6,-397
-338,78,-385
-286,198,-280
-245,244,-164
-224,254,-131
-204,251,-59
-220,208,12
-267,99,92
-291,20,121
-341,-215,122
-392,-397,-34
-406,-421,-140
-420,-345,-320
-424,-131,-395
-389,124,-417
-248,201,-429
-110,310,-401
104,294,-485
202,281,-487
407,197,-467
527,-12,-515
539,-116,-535
489,-281,-588
371,-412,-623
214,-496,-635
119,-546,-616
-91,-546,-577
-291,-447,-524
-384,-361,-474
-478,-181,-367
-486,-29,-264
-454,68,-169
-435,90,-114
-411,94,-58
-408,87,-49
-412,105,-79
-378,178,-169
-289,269,-196
-233,310,-179
-59,377,-140
191,378,-155
352,320,-231
396,291,-274
465,234,-294
498,211,-285
509,199,-269
520,174,-105
482,143,21
445,83,107
433,60,128
396,-69,206
401,-175,217
453,-202,183
618,-176,-6
650,-47,-213
622,28,-268
539,168,-285
396,303,-164
227,338,-8
158,307,86
173,85,264
193,-182,313
229,-268,298
265,-397,255
287,-493,199
310,-530,167
311,-515,180
250,-320,285
309,-16,255
380,98,168
320,309,-30
309,346,-252
316,321,-354
323,189,-533
361,26,-610
380,-39,-621
391,-42,-610
441,17,-557
470,165,-417
469,226,-315
445,234,-49
436,142,86
404,21,189
373,-59,236
388,-286,235
364,-384,229
359,-420,216
344,-563,127
355,-664,-33
381,-672,-133
478,-535,-404
523,-354,-496
541,-181,-512
536,-171,-519
534,-208,-521
527,-389,-479
484,-549,-380
334,-636,53
175,-219,330
169,109,261
124,170,231
43,275,140
-44,373,-58
-21,387,-204
-29,319,-403
-105,138,-554
-142,46,-583
-226,-70,-573
-284,-306,-520
-303,-462,-409
-303,-524,-339
-291,-590,-158
-271,-582,-7
-258,-567,48
-237,-558,92
-254,-547,99
-167,-622,79
-181,-606,95
-164,-639,53
-218,-630,11
-251,-622,-26
-373,-543,-184
-456,-404,-277
-491,-259,-197
-523,-227,-101
-469,-204,73
-415,-197,154
-377,-223,191
-279,-272,258
-303,-240,248
-387,-203,186
-500,-281,-9
-419,-449,20
-269,-597,55
-210,-664,2
-137,-711,-14
-121,-715,2
-127,-726,-22
-175,-713,-30
-327,-576,44
-413,-455,61
-434,-443,37
-491,-383,-22
-528,-340,-150
-532,-330,-150
-516,-361,-87
-500,-351,-11
-473,-342,56
-430,-265,148
-391,-146,201
-320,70,208
-197,270,131
-24,430,-80
-53,441,-227
-117,416,-297
-272,309,-389
-407,180,-400
-482,44,-417
-507,-23,-430
-461,-88,-541
-291,-46,-682
-229,-12,-713
72,211,-690
228,319,-590
289,376,-508
378,420,-350
412,411,-300
410,403,-314
384,410,-317
282,423,-361
164,418,-404
93,397,-440
-26,349,-477
-115,291,-490
-246,257,-423
-307,221,-381
-376,136,-357
-434,2,-362
-447,-77,-376
-423,-230,-429
-356,-379,-473
-300,-456,-487
-139,-576,-509
108,-654,-495
340,-590,-491
449,-514,-483
595,-244,-443
594,-52,-414
600,18,-353
572,119,-186
493,167,-75
435,172,-22
424,172,-12
403,170,5
422,148,16
448,124,12
556,32,-63
632,-121,-239
618,-184,-355
482,-238,-552
135,-181,-690
-261,-103,-583
-387,-52,-464
-468,46,-149
-403,127,-3
-375,147,25
-315,208,45
-288,248,19
-295,257,-16
-311,259,-90
-374,193,-186
-430,79,-247
-448,17,-271
-475,-164,-274
-417,-400,-300
-351,-503,-296
-116,-620,-413
145,-657,-433
399,-608,-368
486,-556,-334
599,-422,-305
664,-286,-200
675,-206,-148
641,2,-146
543,174,-184
441,271,-170
396,298,-189
290,333,-254
207,342,-294
176,340,-304
156,336,-309
189,337,-275
230,321,-218
340,292,-220
495,175,-221
605,5,-159
639,-138,-118
613,-378,-94
522,-546,-103
438,-626,-91
184,-744,-156
-80,-707,-281
-258,-586,-342
-327,-500,-363
-422,-306,-366
-442,-126,-353
-429,-41,-339
-351,139,-317
-215,279,-263
-26,355,-244
68,363,-262
232,318,-350
311,229,-446
325,191,-484
347,113,-536
387,12,-575
397,-113,-605
398,-242,-617
425,-295,-606
469,-311,-586
495,-323,-565
540,-309,-543
564,-223,-543
563,-145,-543
453,85,-552
227,323,-451
-44,389,-302
-176,361,-262
-297,292,-255
-280,277,-347
-259,267,-385
-231,241,-452
-170,200,-530
-123,78,-632
-34,34,-661
118,-111,-699
281,-211,-676
357,-242,-645
530,-280,-529
645,-312,-359
674,-324,-226
606,-354,60
434,-364,243
231,-276,355
147,-216,377
56,-95,377
-14,1,354
-55,39,336
-106,97,302
-174,109,271
-125,100,292
-25,87,318
294,27,293
517,14,135
575,-16,74
613,-151,51
633,-326,-25
640,-376,-85
623,-439,-197
554,-509,-306
444,-542,-422
380,-564,-460
264,-571,-513
144,-619,-498
95,-588,-535
39,-582,-537
-89,-604,-490
-133,-586,-490
-134,-536,-534
-176,-386,-598
-295,-208,-566
-343,-104,-523
-381,86,-393
-353,209,-130
-306,200,8
-174,80,204
-49,-35,275
75,-140,290
140,-175,285
275,-224,248
431,-215,158
513,-177,78
593,-78,-92
563,70,-271
465,144,-416
425,124,-492
273,89,-606
57,85,-638
-65,84,-621
-260,82,-526
-423,55,-330
-457,22,-244
-475,-73,-114
-450,-164,-23
-424,-271,-7
-425,-308,-37
-431,-345,-137
-456,-257,-191
-469,-165,-177
-425,35,-90
-282,123,76
-68,199,131
52,202,147
322,184,75
508,129,-77
553,101,-133
606,31,-260
584,-19,-429
513,-56,-541
464,-54,-590
386,-51,-633
288,-54,-675
232,-59,-690
203,-107,-703
214,-151,-707
199,-87,-701
128,82,-659
89,186,-599
27,274,-508
1,305,-458
-90,366,-269
-204,319,-77
-274,223,40
-369,49,97
-424,-80,83
-441,-158,61
-423,-355,11
-313,-507,19
-229,-546,73
-224,-540,92
-253,-459,156
-209,-454,200
-128,-414,263
89,-346,321
165,-415,299
240,-491,258
315,-503,227
449,-359,227
466,-300,237
423,-409,235
348,-532,215
317,-508,243
321,-471,251
322,-438,274
297,-280,321
240,-71,330
257,12,302
376,78,215
502,59,118
555,-35,101
587,-199,90
487,-536,52
449,-619,-4
538,-567,-79
602,-496,-118
638,-446,-198
635,-445,-267
586,-482,-347
515,-516,-405
480,-527,-453
414,-521,-483
368,-489,-534
339,-448,-571
328,-440,-578
315,-435,-587
305,-427,-595
309,-428,-595
323,-430,-591
429,-386,-562
591,-234,-452
637,-137,-372
554,175,-139
449,257,-38
350,300,23
22,334,94
-228,309,-17
-430,133,-156
-476,32,-190
-482,-149,-298
-428,-295,-374
-397,-340,-404
-326,-436,-441
-308,-562,-326
-284,-611,-269
-230,-663,-115
-158,-679,-37
-175,-658,-23
-190,-635,-5
-158,-640,5
-60,-675,-5
-16,-681,-4
38,-686,-13
49,-682,-30
-19,-666,-40
-84,-634,-19
-236,-579,-73
-363,-482,-211
-387,-427,-294
-394,-303,-405
-363,-173,-477
-332,-94,-504
-185,94,-548
106,239,-522
448,168,-442
595,25,-378
669,-354,-175
663,-251,-77
677,-158,-117
660,-71,-183
632,-27,-245
594,21,-288
561,80,-280
487,170,-288
406,245,-276
382,264,-260
360,282,-242
338,301,-184
327,306,-160
282,322,-102
196,336,-59
69,331,-14
-8,316,2
-149,251,35
-263,124,79
-297,44,100
-306,-135,138
-285,-341,112
-181,-500,78
-124,-556,56
-13,-614,31
18,-627,14
-1,-625,9
-74,-596,23
-166,-556,17
-203,-538,8
-259,-527,-39
-295,-528,-101
-315,-533,-188
-321,-520,-250
-341,-460,-344
-337,-401,-422
-328,-372,-450
-325,-310,-488
-295,-221,-537
-224,-108,-583
-166,-46,-608
3,63,-621
283,80,-591
434,29,-536
632,-151,-348
652,-308,-202
643,-329,-191
631,-227,-307
537,-43,-447
368,142,-487
267,199,-494
108,228,-502
23,242,-485
2,256,-466
-13,276,-433
-39,300,-380
-99,318,-287
-123,316,-244
-195,283,-133
-261,207,-30
-296,143,17
-324,-6,99
-309,-191,147
-276,-352,177
-169,-416,180
-82,-473,187
-52,-477,191
-57,-471,194
-80,-447,197
-100,-435,193
-107,-431,188
-118,-433,177
-127,-440,167
-134,-437,162
-134,-433,163
-127,-417,174
-115,-406,181
-113,-406,181
-122,-403,181
-131,-409,178
-130,-408,178
-115,-417,184
-95,-423,191
-71,-435,196
-62,-440,198
-60,-443,199
-57,-444,201
-57,-443,203
-67,-427,209
-84,-400,216
-98,-364,222
-137,-358,213
-176,-344,197
-205,-330,187
-209,-326,188
-197,-322,197
-169,-319,208
-154,-317,219
-123,-320,230
-110,-325,231
-125,-319,227
-142,-320,220
-173,-310,205
-190,-296,200
-191,-282,199
-195,-261,203
-210,-251,196
-220,-238,192
-241,-217,181
-268,-194,165
-292,-180,148
-304,-173,138
-310,-172,129
-316,-169,124
-319,-167,118
-329,-163,105
-324,-163,107
-317,-186,122
-305,-196,122
-301,-199,120
-296,-212,123
-294,-206,125
-275,-210,136
-257,-219,147
-247,-235,153
-237,-246,160
-232,-262,161
-229,-277,162
-233,-274,161
-250,-241,157
-274,-209,146
-284,-189,139
-303,-164,122
-310,-155,114
-307,-164,118
-294,-183,127
-275,-211,144
-252,-226,160
-242,-232,164
-233,-223,172
-234,-214,171
-241,-206,167
-255,-201,159
-265,-208,152
-264,-205,157
-261,-210,154
-252,-209,159
-244,-213,165
-239,-215,169
-236,-220,169
-233,-222,172
-234,-219,171
-236,-211,170
-243,-207,167
-244,-207,165
-245,-209,166
-244,-209,166
-238,-207,171
-234,-209,174
-230,-209,175
-228,-214,176
-225,-212,176
-223,-217,181
-221,-217,179
-220,-217,182
-222,-218,181
-225,-219,178
-226,-214,176
-232,-214,177
-230,-211,176
-229,-211,176
-228,-212,177
-223,-215,181
-215,-219,185
-212,-220,186
-212,-221,186
-215,-220,185
-213,-216,188
-212,-216,187
-212,-215,188
-216,-215,185
-218,-222,181
-212,-227,183
-210,-227,181
-225,-169,176
-231,-143,169
-234,-85,162
-222,-25,159
-224,20,142
-238,126,68
-248,220,-66
-238,285,-206
-145,309,-294
50,307,-439
352,195,-508
415,-11,-602
442,145,-528
559,168,-510
571,168,-508
538,145,-523
520,124,-522
524,111,-530
